nama,email,nomor_telepon,institusi,waktu_daftar
Budi Hidayat,budihidayat846@gmail.com,087028730844,ITS,2025-05-28T11:30:21
Farhan Hidayat,farhanhidayat865@gmail.com,084714390116,Politeknik Negeri Batam,2025-05-28T11:30:31
Dedi Wibowo,dediwibowo245@gmail.com,086656043552,UGM,2025-05-28T11:30:51
Indah Hidayat,indahhidayat278@gmail.com,088857092786,Binus,2025-05-28T11:31:01
Ayu Hidayat,ayuhidayat497@gmail.com,084470780437,UGM,2025-05-28T11:31:11
Eka Susanti,ekasusanti553@gmail.com,087831129012,UI,2025-05-28T11:31:21
Eka Nurhaliza,ekanurhaliza650@gmail.com,083765017330,ITS,2025-05-28T11:31:31
Indah Putra,indahputra824@gmail.com,086310078124,ITS,2025-05-28T11:31:41
Indah Saputra,indahsaputra763@gmail.com,082809071116,ITS,2025-05-28T11:31:51
Citra Utami,citrautami260@gmail.com,082973145550,Politeknik Negeri Batam,2025-05-28T11:32:01
Dedi Maulana,dedimaulana400@gmail.com,083835020850,Politeknik Negeri Batam,2025-05-28T11:32:11
Joko Sari,jokosari349@gmail.com,084470842000,UGM,2025-05-28T11:32:21
Indah Sari,indahsari768@gmail.com,083957148507,UI,2025-05-28T11:32:31
Indah Sari,indahsari545@gmail.com,086474176889,Binus,2025-05-28T11:32:41
Budi Sari,budisari887@gmail.com,083383383783,ITS,2025-05-28T11:32:51
Hendra Hidayat,hendrahidayat254@gmail.com,088889103378,ITS,2025-05-28T11:33:01
Hendra Utami,hendrautami708@gmail.com,089358904232,Binus,2025-05-28T11:33:11
Hendra Susanti,hendrasusanti373@gmail.com,088580742040,ITS,2025-05-28T11:33:21
Citra Saputra,citrasaputra881@gmail.com,081995225679,UI,2025-05-28T11:33:31
Citra Sari,citrasari116@gmail.com,085296876416,UI,2025-05-28T11:33:41
Gita Utami,gitautami992@gmail.com,087105292403,UGM,2025-05-28T11:33:51
Citra Susanti,citrasusanti342@gmail.com,084325089188,UI,2025-05-28T11:34:01
Indah Sari,indahsari601@gmail.com,082724723849,UI,2025-05-28T11:34:11
Budi Hidayat,budihidayat465@gmail.com,088691418374,ITS,2025-05-28T11:34:21
Budi Hidayat,budihidayat362@gmail.com,081734945941,ITS,2025-05-28T11:34:31
Citra Susanti,citrasusanti502@gmail.com,087601722460,Politeknik Negeri Batam,2025-05-28T11:34:41
Indah Nurhaliza,indahnurhaliza475@gmail.com,088458579595,ITS,2025-05-28T11:34:51
Indah Sari,indahsari831@gmail.com,088017690072,Politeknik Negeri Batam,2025-05-28T11:35:01
Farhan Sari,farhansari878@gmail.com,087756979589,ITS,2025-05-28T11:35:11
Ayu Saputra,ayusaputra635@gmail.com,087573132634,Telkom University Surabaya,2025-05-28T11:35:21
Farhan Sari,farhansari233@gmail.com,082975210663,UGM,2025-05-28T11:35:31
Gita Wibowo,gitawibowo948@gmail.com,084171542555,UI,2025-05-28T11:35:41
Farhan Sari,farhansari843@gmail.com,086440019795,UGM,2025-05-28T11:35:51
Farhan Sari,farhansari547@gmail.com,088897141259,UGM,2025-05-28T11:36:01
Dedi Utami,dediutami444@gmail.com,088854543091,UGM,2025-05-28T11:36:11
Gita Utami,gitautami951@gmail.com,089477686395,UGM,2025-05-28T11:36:21
Hendra Wibowo,hendrawibowo785@gmail.com,081195508826,ITS,2025-05-28T11:36:31
Citra Nurhaliza,citranurhaliza253@gmail.com,083403345030,ITS,2025-05-28T11:36:41
Farhan Nurhaliza,farhannurhaliza831@gmail.com,086072131810,UI,2025-05-28T11:36:51
Ayu Saputra,ayusaputra574@gmail.com,085661740545,UGM,2025-05-28T11:37:01
Farhan Ramadhan,farhanramadhan442@gmail.com,083171370559,ITS,2025-05-28T11:37:11
Ayu Susanti,ayususanti359@gmail.com,087761304562,UI,2025-05-28T11:37:21
Indah Nurhaliza,indahnurhaliza928@gmail.com,087924472530,ITS,2025-05-28T11:37:31
Farhan Ramadhan,farhanramadhan265@gmail.com,087263290952,Telkom University Surabaya,2025-05-28T11:37:41
Budi Saputra,budisaputra887@gmail.com,085403178275,ITS,2025-05-28T11:37:51
Indah Wibowo,indahwibowo547@gmail.com,086031340345,ITS,2025-05-28T11:38:01
Farhan Wibowo,farhanwibowo142@gmail.com,084871896010,Politeknik Negeri Batam,2025-05-28T11:38:11
Citra Ramadhan,citraramadhan500@gmail.com,084039137055,Telkom University Surabaya,2025-05-28T11:38:21
Dedi Saputra,dedisaputra623@gmail.com,082114973054,UGM,2025-05-28T11:38:31
Hendra Hidayat,hendrahidayat732@gmail.com,087829029456,UGM,2025-05-28T11:38:41
Budi Maulana,budimaulana267@gmail.com,088997223753,Binus,2025-05-28T11:38:51
Budi Saputra,budisaputra948@gmail.com,086317275381,Binus,2025-05-28T11:39:01
Farhan Utami,farhanutami786@gmail.com,088289511428,Telkom University Surabaya,2025-05-28T11:39:11
Indah Utami,indahutami321@gmail.com,084222561480,Telkom University Surabaya,2025-05-28T11:39:21
Hendra Wibowo,hendrawibowo262@gmail.com,081710494037,Telkom University Surabaya,2025-05-28T11:39:31
Hendra Ramadhan,hendraramadhan873@gmail.com,084502277102,UGM,2025-05-28T11:39:41
Gita Maulana,gitamaulana562@gmail.com,088406532421,UGM,2025-05-28T11:39:51
Dedi Nurhaliza,dedinurhaliza351@gmail.com,082567200349,UI,2025-05-28T11:40:01
Dedi Maulana,dedimaulana241@gmail.com,085468491508,UI,2025-05-28T11:40:11
Indah Susanti,indahsusanti878@gmail.com,086870738064,ITS,2025-05-28T11:40:21
Eka Susanti,ekasusanti276@gmail.com,084278216960,ITS,2025-05-28T11:40:31
Eka Hidayat,ekahidayat161@gmail.com,089770960978,UI,2025-05-28T11:40:41
Joko Ramadhan,jokoramadhan732@gmail.com,083400394718,UI,2025-05-28T11:40:51
Indah Nurhaliza,indahnurhaliza753@gmail.com,081971667149,Binus,2025-05-28T11:41:01
Dedi Wibowo,dediwibowo905@gmail.com,088706596311,UGM,2025-05-28T11:41:11
Ayu Nurhaliza,ayunurhaliza250@gmail.com,086268477852,Binus,2025-05-28T11:41:21
Citra Maulana,citramaulana823@gmail.com,089766069218,Telkom University Surabaya,2025-05-28T11:41:31
Indah Wibowo,indahwibowo965@gmail.com,085656144387,ITS,2025-05-28T11:41:41
Gita Wibowo,gitawibowo270@gmail.com,082100370535,Binus,2025-05-28T11:41:51
Gita Hidayat,gitahidayat939@gmail.com,087322156184,Telkom University Surabaya,2025-05-28T11:42:01
Gita Nurhaliza,gitanurhaliza855@gmail.com,082673009047,Politeknik Negeri Batam,2025-05-28T11:42:11
Citra Utami,citrautami914@gmail.com,086712463915,ITS,2025-05-28T11:42:21
Hendra Ramadhan,hendraramadhan188@gmail.com,084881851113,Politeknik Negeri Batam,2025-05-28T11:42:31
Indah Susanti,indahsusanti636@gmail.com,082995782325,Politeknik Negeri Batam,2025-05-28T11:42:41
Dedi Utami,dediutami762@gmail.com,083052831199,Telkom University Surabaya,2025-05-28T11:42:51
Hendra Sari,hendrasari573@gmail.com,086472907305,UI,2025-05-28T11:43:01
Budi Ramadhan,budiramadhan608@gmail.com,083489428912,UI,2025-05-28T11:43:11
Citra Utami,citrautami809@gmail.com,088348987041,Telkom University Surabaya,2025-05-28T11:43:21
Ayu Maulana,ayumaulana813@gmail.com,088609705408,Binus,2025-05-28T11:43:31
Farhan Utami,farhanutami305@gmail.com,086676946071,Politeknik Negeri Batam,2025-05-28T11:43:41
Indah Nurhaliza,indahnurhaliza422@gmail.com,083082995591,UI,2025-05-28T11:43:51
Hendra Maulana,hendramaulana128@gmail.com,088176094763,ITS,2025-05-28T11:44:01
Gita Hidayat,gitahidayat480@gmail.com,085323703436,Telkom University Surabaya,2025-05-28T11:44:11
Ayu Utami,ayuutami545@gmail.com,088602164152,UGM,2025-05-28T11:44:21
Eka Sari,ekasari832@gmail.com,087336464617,UI,2025-05-28T11:44:31
Indah Utami,indahutami738@gmail.com,085906231683,UGM,2025-05-28T11:44:41
Indah Nurhaliza,indahnurhaliza738@gmail.com,083556435584,UGM,2025-05-28T11:44:51
Indah Saputra,indahsaputra399@gmail.com,082402659893,UGM,2025-05-28T11:45:01
Citra Ramadhan,citraramadhan335@gmail.com,087438385789,Telkom University Surabaya,2025-05-28T11:45:11
Budi Saputra,budisaputra963@gmail.com,085988081143,Politeknik Negeri Batam,2025-05-28T11:45:21
Joko Ramadhan,jokoramadhan344@gmail.com,088848251465,UI,2025-05-28T11:45:31
Gita Putra,gitaputra365@gmail.com,088481082640,ITS,2025-05-28T11:45:41
Indah Wibowo,indahwibowo306@gmail.com,084611508006,Binus,2025-05-28T11:45:51
Hendra Utami,hendrautami692@gmail.com,084157282723,UI,2025-05-28T11:46:01
Citra Putra,citraputra936@gmail.com,081814964711,Politeknik Negeri Batam,2025-05-28T11:46:11
Budi Utami,budiutami213@gmail.com,087033800581,UI,2025-05-28T11:46:21
Joko Saputra,jokosaputra499@gmail.com,082824334386,UI,2025-05-28T11:46:31
Dedi Saputra,dedisaputra868@gmail.com,087176252800,Telkom University Surabaya,2025-05-28T11:46:41
Dedi Ramadhan,dediramadhan621@gmail.com,081058199910,Telkom University Surabaya,2025-05-28T11:46:51
Gita Maulana,gitamaulana981@gmail.com,083500078573,ITS,2025-05-28T11:47:01
Dedi Saputra,dedisaputra407@gmail.com,085752432596,Telkom University Surabaya,2025-05-28T11:47:11
Hendra Saputra,hendrasaputra365@gmail.com,085335002216,Telkom University Surabaya,2025-05-28T11:47:21
Hendra Putra,hendraputra566@gmail.com,083939190151,UGM,2025-05-28T11:47:31
Hendra Hidayat,hendrahidayat395@gmail.com,085822225351,UGM,2025-05-28T11:47:41
Hendra Susanti,hendrasusanti288@gmail.com,081879992716,ITS,2025-05-28T11:47:51
Budi Utami,budiutami878@gmail.com,081008423319,UGM,2025-05-28T11:48:01
Citra Utami,citrautami947@gmail.com,084449624182,UGM,2025-05-28T11:48:11
Gita Hidayat,gitahidayat355@gmail.com,088441644062,ITS,2025-05-28T11:48:21
Budi Utami,budiutami929@gmail.com,087538321724,UI,2025-05-28T11:48:31
Gita Putra,gitaputra226@gmail.com,081638895582,ITS,2025-05-28T11:48:41
Hendra Susanti,hendrasusanti718@gmail.com,089244634750,Binus,2025-05-28T11:48:51
Budi Wibowo,budiwibowo765@gmail.com,082538110824,ITS,2025-05-28T11:49:01
Hendra Saputra,hendrasaputra544@gmail.com,088524181772,Telkom University Surabaya,2025-05-28T11:49:11
Citra Utami,citrautami526@gmail.com,086134540675,UI,2025-05-28T11:49:21
Budi Putra,budiputra828@gmail.com,081334339543,ITS,2025-05-28T11:49:31
Joko Nurhaliza,jokonurhaliza765@gmail.com,087248536167,Binus,2025-05-28T11:49:41
Dedi Nurhaliza,dedinurhaliza512@gmail.com,084284695995,ITS,2025-05-28T11:49:51
Indah Susanti,indahsusanti805@gmail.com,083214626009,UGM,2025-05-28T11:50:01
Dedi Sari,dedisari426@gmail.com,085439613440,ITS,2025-05-28T11:50:11
Ayu Nurhaliza,ayunurhaliza820@gmail.com,088832825061,UGM,2025-05-28T11:50:21
Citra Ramadhan,citraramadhan184@gmail.com,089654629207,UI,2025-05-28T11:50:31
Eka Susanti,ekasusanti860@gmail.com,081390486650,Politeknik Negeri Batam,2025-05-28T11:50:41
Hendra Utami,hendrautami458@gmail.com,081869386081,UI,2025-05-28T11:50:51
Budi Maulana,budimaulana289@gmail.com,084324941503,UI,2025-05-28T11:51:01
Indah Wibowo,indahwibowo821@gmail.com,089750245751,UGM,2025-05-28T11:51:11
Eka Maulana,ekamaulana781@gmail.com,081742607934,UI,2025-05-28T11:51:21
Joko Maulana,jokomaulana860@gmail.com,082523056138,ITS,2025-05-28T11:51:31
Indah Utami,indahutami776@gmail.com,085986568354,Politeknik Negeri Batam,2025-05-28T11:51:41
Gita Hidayat,gitahidayat463@gmail.com,084817608716,Politeknik Negeri Batam,2025-05-28T11:51:51
Farhan Hidayat,farhanhidayat174@gmail.com,085528128414,ITS,2025-05-28T11:52:01
Gita Utami,gitautami476@gmail.com,086600705579,Binus,2025-05-28T11:52:11
Dedi Wibowo,dediwibowo811@gmail.com,084021800114,UGM,2025-05-28T11:52:21
Citra Susanti,citrasusanti261@gmail.com,084877290504,UI,2025-05-28T11:52:31
Joko Susanti,jokosusanti763@gmail.com,089739377653,UI,2025-05-28T11:52:41
Joko Nurhaliza,jokonurhaliza358@gmail.com,084464884882,Politeknik Negeri Batam,2025-05-28T11:52:51
Farhan Utami,farhanutami194@gmail.com,084647394580,Politeknik Negeri Batam,2025-05-28T11:53:01
Ayu Saputra,ayusaputra904@gmail.com,081739440331,UGM,2025-05-28T11:53:11
Citra Ramadhan,citraramadhan245@gmail.com,088273930831,ITS,2025-05-28T11:53:21
Joko Nurhaliza,jokonurhaliza328@gmail.com,085006419166,ITS,2025-05-28T11:53:31
Joko Utami,jokoutami679@gmail.com,082934786850,Binus,2025-05-28T11:53:41
Joko Sari,jokosari382@gmail.com,081510110406,ITS,2025-05-28T11:53:51
Citra Ramadhan,citraramadhan297@gmail.com,083063295688,UI,2025-05-28T11:54:01
Farhan Saputra,farhansaputra213@gmail.com,089956431956,UI,2025-05-28T11:54:11
Gita Utami,gitautami978@gmail.com,089568927822,ITS,2025-05-28T11:54:21
Citra Putra,citraputra675@gmail.com,087296736612,Telkom University Surabaya,2025-05-28T11:54:31
Eka Nurhaliza,ekanurhaliza483@gmail.com,085355162626,Politeknik Negeri Batam,2025-05-28T11:54:41
Dedi Maulana,dedimaulana316@gmail.com,088668777255,Binus,2025-05-28T11:54:51
Farhan Nurhaliza,farhannurhaliza180@gmail.com,087287859325,UGM,2025-05-28T11:55:01
Eka Saputra,ekasaputra432@gmail.com,089169014485,UI,2025-05-28T11:55:11
Hyde O'Brian,bro123@gmail.com,,UNIGA,2025-06-03T10:15:23.831746
